VENDOR ID,SKU,PRODUCT NAME,PRODUCT CATEGORY,SHORT DESCRIPTION,LONG DESCRIPTION,COST,PRICE,CURRENCY,BUY BOX ITEM PRICE,BUY BOX SHIPPING PRICE,PUBLISH STATUS,LIFECYCLE STATUS,AVAILABILITY STATUS,SHIP METHODS,WPID,ITEM ID,WM#,GTIN,UPC,PRIMARY IMAGE URL,SHELF NAME,PRIMARY CAT PATH,OFFER START DATE,OFFER END DATE,ITEM CREATION DATE,ITEM LAST UPDATED,ITEM PAGE URL,REVIEWS COUNT,AVERAGE RATING
34478,"=""9503-DTSR-21""",Giant 4-ft Donald Trump Pool Float Inflatable Swimming Ring for Pool Party,Sport & Recreation Other,"Makes your pool great again with this Donal Trump Pool Float! It sure brings you a lot of attention and compliments! Measures 4-ft Outer Dia., 15"" Innder Dia. Made from strong durable extra-thick vinyl. Skin safe anti-UV long-lasting ink printing.","<ul><li>Makes your pool great again with this Donal Trump Pool Float!</li><li>It sure brings you a lot of attention and compliments!</li><li>Measures 4-ft Outer Dia., 15"" Inner Dia.</li><li>Made from strong durable extra-thick vinyl</li><li>Skin safe anti-UV long-lasting ink printing.</li></ul>",16.0,18.99,USD,18.99,5.99,PUBLISHED,ACTIVE,NOT_AVAILABLE,"STANDARD,EXPEDITED,RUSH","=""51ZOGYNKXY2G""","=""948684169""","=""576278682""","=""00680666477912""","=""680666477912""",https://i5.walmartimages.com/asr/f8b78351-df3c-4b8e-a253-8c5554e2e696_1.42de60254496b84da2e15c06c96febdd.jpeg,UNNAV,"[""UNNAV""]",07/10/2019,12/31/2049,07/10/2019,06/09/2020,http://www.walmart.com/ip/Giant-4-ft-Donald-Trump-Pool-Float-Inflatable-Swimming-Ring-for-Pool-Party/948684169,5,4.4
34478,"=""LWOD-FGFI-4P""",4 Person Flamingo Floating Island River Float for Adults on Water with Cooler & Beverage Holder (Build-in),Sport & Recreation Other,New Design: The latest flamingo river float design bring your friends and family lots of fun and compliments!<br> Refreshments Holder/Storage: It contains 4 build-in beverage and a ice bucket holder <br> Seating: Accommodates up to 4 adults. Spacious for a family of 2 adults and 2 children.<br> Giant Size: Over 10 ft when fully inflated with seating space of 8\' by 6\'. Floating capacity over 600 lbs.<br> Fast Inflation/Deflation: Takes around 10 minutes to fully inflate this giant flamingo with an electric pump. Takes as fast as 3 minutes to deflate with the aid of a vacuum pump.,<ul><li>Accommodates up to 4 adults.</li><li>Over 10 ft when fully inflated</li><li>Fast Inflation/Deflation</li><li>Seating space 8\' by 6\'</li><li>Floating capacity over 600 lbs.</li></ul>,160.0,199.99,USD,199.99,0.0,UNPUBLISHED,ACTIVE,AVAILABLE,"STANDARD,EXPEDITED,RUSH,STORE_DELIVERY","=""54YZ0A8SZOEE""","=""446277244""","=""576902959""","=""00680666477905""","=""680666477905""",https://i5.walmartimages.com/asr/19025b90-0e7a-46ad-884a-769f0861cf1e_1.946d5647cec903e6237bb25f61552f50.jpeg,UNNAV,"[""UNNAV""]",08/15/2019,12/31/2049,08/15/2019,06/11/2020,http://www.walmart.com/ip/4-Person-Flamingo-Floating-Island-River-Float-for-Adults-on-Water-with-Cooler-Beverage-Holder-Build-in/446277244,18,5.0
34478,"=""39-26PR-9090""","(2 Pack) 47\'\' Inflatable Giant Donut Swimming Tube Rings, Pool Floats and Loungers for Adults and Kids",Sport & Recreation Other,"<b>Posch Giant Donut Swimming Tube Float Lounge</b> <br> Get yourself a cool summer with water pool float of this lovely donut swimming ring. It sure brings you so much fun in the pool or beach. This extra-large doughnut looks extra delicious in the pool party. Whoever looking at it can\'t resist the bite of the donuts. The topping combination of sprinkles and a beautiful girl certainly is the heat of the pool. Sit and chill in the pool or on the lake with Posch Giant Donut Swimming Tube Float Lounge. <br> The Float Tube is made of extra thick non-phthalates materials to provide you with additional security. It supports over 150 lbs of weight, large enough to fit a curvy or two slim. Enjoy your summer water fun with this Giant Donut Swimming Floatie!","<ul><li>Set of 2 for the Price of 1</li><li>4-ft Diameter Extra Large Swim Tube</li><li>Extra Thick, Durable Made, Leak Free</li><li>ASTM-F963, EN15649 Standards Approved</li></ul>",16.0,16.47,USD,3.0,0.0,PUBLISHED,ACTIVE,NOT_AVAILABLE,"STANDARD,EXPEDITED,RUSH","=""3OV3Y7ODNF3T""","=""837863122""","=""570104047""","=""00680666477943""","=""680666477943""",https://i5.walmartimages.com/asr/d63a9f22-4412-4b20-9f0d-a98adc46d518_1.cf0852a1a913c88ce6eb9aadc8292838.jpeg,Pool Floats and Loungers,"[""Home Page"",""Toys"",""Outdoor Play"",""Floats and Pool Games"",""Pool Floats and Loungers""]",06/11/2018,12/31/2049,06/11/2018,06/06/2020,http://www.walmart.com/ip/2-Pack-47-Inflatable-Giant-Donut-Swimming-Tube-Rings-Pool-Floats-and-Loungers-for-Adults-and-Kids/837863122,5,4.6
34478,"=""XL-JB93-FYSY""",Handmade Preserved Flower LED Lighted (Doe) Jewelry Box for Girls,Jewelry,"<div>Lovely Miss Deer Fairy Came out of Meadow.&nbsp;</div><div>This Jewelry Box is handmade by real flowers with love.</div><div>The meadow is make of fluffy fur (polyester) to look adorable.</div><div>Embedded a string of glowing LED light provides phenomenal atmosphere in the dark.</div><div>The design makes the jeweley box a dashing gift for girls to last many years.</div><div>Come with a necklace compartment.</div><div><br></div><div><ul><li>Handmade with preserved flowers</li><li>Features LED lighting</li><li>Drawer with open area storage</li><li>Overall dimensions: 5.5""(L) x 5.5""(W) x 7.5""(H)</li><li>Weight: 2 lbs.</li></ul></div>","<ul><li>Handmade with preserved flowers</li><li>Features LED lighting</li><li>Drawer with open area storage</li><li>Overall dimensions: 5.5""(L) x 5.5""(W) x 7.5""(H)</li><li>Weight: 2 lbs.</li></ul>",30.0,34.99,USD,34.99,0.0,PUBLISHED,ACTIVE,AVAILABLE,"STANDARD,EXPEDITED,RUSH,STORE_DELIVERY","=""1COHJHSV2ROH""","=""885311090""","=""579821676""","=""00680666478056""","=""680666478056""",https://i5.walmartimages.com/asr/7c5f0d04-5214-4458-bee2-867f2858dde6_1.ab9100f99df306e9440b990542467520.jpeg,Jewelry Boxes & Organizers,"[""Home Page"",""Jewelry"",""Jewelry Storage and Care"",""Jewelry Boxes & Organizers""]",03/06/2020,12/31/2049,03/07/2020,06/12/2020,http://www.walmart.com/ip/Handmade-Preserved-Flower-LED-Lighted-Doe-Jewelry-Box-for-Girls/885311090,0,
34478,"=""YE-YLUB-VKIW""","Large 89"" by 50"" Purple Soft and Warm Doctor Who Tardis Micro Raschel Throw Blanket for Kids and Adults",Bedding,Best gift to give anyone who is a Whovian on his/her birthday or Christmas. This soft and cozy tardis take u to the magic world with The Doctor. Two colors and patterns for choose. Worth to have one.,<ul><li>Size: 50 x 89 inch</li><li>Material: 100% polyester</li><li>Specially for Doctor Who fans</li><li>Soft and Warm throw</li><li>Machine wash safe;Do not bleach; Do not iron; Tumble dry in low temperature gentle cycle</li></ul>,29.0,29.99,USD,14.99,0.0,PUBLISHED,ACTIVE,NOT_AVAILABLE,"STANDARD,EXPEDITED,RUSH","=""66RPBEYXKA6H""","=""429325301""","=""567367737""","=""00600316299244""","=""600316299244""",https://i5.walmartimages.com/asr/3ea02687-cc34-4b84-ad43-51b792598102_1.326dc312bb7d9d8904f4717b599f5131.jpeg,Decorative Throws,"[""Home Page"",""Home"",""Decor"",""Decorative Throws""]",02/12/2018,12/31/2049,06/29/2017,06/11/2020,http://www.walmart.com/ip/Large-89-by-50-Purple-Soft-and-Warm-Doctor-Who-Tardis-Micro-Raschel-Throw-Blanket-for-Kids-and-Adults/429325301,33,4.9
34478,"=""0A-JU5N-PK7A""",Code - Pricing Error,Clothing,<ul><li>Blackout UV proof layer</li><li>Heavy wind resistant</li><li>One press auto open</li><li>Come with carrying pouch</li></ul>,"Blackout UV Proof Auto Open Close Folding Umbrella, 40\'\' (Pink)",12.0,16.3,USD,16.3,5.99,UNPUBLISHED,ACTIVE,NOT_AVAILABLE,"STANDARD,EXPEDITED,RUSH","=""5NC3PZPQNYFB""","=""626246412""","=""576783345""","=""00680666478032""","=""680666478032""",https://i5.walmartimages.com/asr/5d3b0c27-f44c-4c19-8897-2fe5d57cf65e_1.d68465255a0bbafa5c6ba1f5644db770.jpeg,Umbrellas,"[""Home Page"",""Clothing"",""Bags & Accessories"",""Luggage & Travel"",""Umbrellas""]",08/08/2019,12/31/2049,08/08/2019,05/27/2020,http://www.walmart.com/ip/Code-Pricing-Error/626246412,0,
34478,"=""SJ-1SO8-R1D4""",Large Stuffed Animal Soft Cushion Grey Elephant Plush Pillow Toy for Kids (20\'\'),Baby Toys,"Soft and adorable, this bedtime plush elephant toy animal is an excellent gift idea for all little cute baby and kids. This stuffed animal looks just as cute and cuddly in the screen as it does in the arms of your baby. With big, floppy ears, tender eyes and a curved trunk, this plush elephant is full of love.<br> <br> <iframe width=""560"" height=""315"" src=""https://www.youtube.com/embed/YVM8ONuUqPo"" frameborder=""0"" allow=""accelerometer; autoplay; encrypted-media; gyroscope; picture-in-picture"" allowfullscreen></iframe>","<div><span style=""font-weight: 700;"">Specifications</span><span style=""font-weight: 700;""><br></span></div><ul><li>Filling: high quality non-allergic polyester cotton</li><li>Measures: 20x16x10 inch</li><li>Weight: 1.6lbs/0.75kg</li><li>Wrapped &amp; shipped in soft package</li></ul><p><span style=""font-weight: 700;"">Wash Instruction</span></p><ul><li>Machine wash safe;</li><li>Delicate cycle;</li><li>Do not bleach, iron or dry clean;</li><li>Tumble dry in low temperature</li></ul><ul> </ul>",22.5,28.42,USD,28.42,5.99,PUBLISHED,ACTIVE,NOT_AVAILABLE,"STANDARD,EXPEDITED,RUSH","=""1LBMBZYR4TGO""","=""881251020""","=""567367323""","=""00714602405902""","=""714602405902""",https://i5.walmartimages.com/asr/cb9d2e31-94b2-43b8-aeae-90bd0147b5d9_1.df7b1586794e227a53935483a62b3ad3.jpeg,Soft & Plush Toys,"[""Home Page"",""Baby"",""Baby & Toddler Toys"",""Soft & Plush Toys""]",02/12/2018,12/31/2049,06/29/2017,05/27/2020,http://www.walmart.com/ip/Large-Stuffed-Animal-Soft-Cushion-Grey-Elephant-Plush-Pillow-Toy-for-Kids-20/881251020,19,3.7
34478,"=""SQ-8860-1871""",Inflatable Reindeer Antler Ring Toss Game for Christmas Party,Toys,"<b>One Set includes:</b> <br>- 1 * Antler <br>- 4 Toss Rings (2 Green 2 Red) <br> <b>Universal Head Size (3+ Yo)</b> <br> <br>Great Christmas holiday party features inflatable reindeer antler hat ring toss game. <br>Antler measures overall length 80 cm/31.5 inch, rings measure 20 cm/7.9 inch. <br>Add much fun to your Christmas holiday party and school day, and enjoy a warm cheerful winter with this funny inflatable ring toss game. <br>Perfect for indoor or outdoor ring toss game, office, family, freinds and stocking stuffer; Amusing Christmas gifts for your friends or family.","<ul><li>Great gag or photo prop</li><li>Totally ridiculous but fun</li><li>Toss game provids hours of fun, especially for the adults<br></li></ul>",5.0,5.7,USD,7.99,0.0,PUBLISHED,ACTIVE,NOT_AVAILABLE,"STANDARD,EXPEDITED,RUSH","=""5L99GF35SOV4""","=""322213329""","=""568236363""","=""00680666477837""","=""680666477837""",https://i5.walmartimages.com/asr/5f40ed7b-e675-49e2-8ded-16644e1b4051_1.c5e22de9e19453c4275631ecf396e08c.jpeg,Santa Hats & Wear,"[""Home Page"",""Party & Occasions"",""Party Supplies"",""Christmas Party Supplies"",""Santa Hats & Wear""]",03/30/2018,12/31/2049,04/09/2018,05/27/2020,http://www.walmart.com/ip/Inflatable-Reindeer-Antler-Ring-Toss-Game-for-Christmas-Party/322213329,3,3.3
34478,"=""JE-4KTX-TK0Q""",28-inch Natural Feather Fletching Carbon Composite Target Arrows (1 Dozen),Sport & Recreation Other,"Posch Archery Natural Feather Fletching Carbon Composite Target Arrows with screw-in target point and nock are the perfect arrows for recreational and target practice archery. In contrast to fiberglass arrows, the carbon composite arrows fly true, making it more suitable for intermediate archers to shoot with. Each arrows shaft is cherry-picked for excellent straightness so the arrows can be consistant to the target making it easier for the archer to spot and correct the issue in the practice. The Natural Feather Fletching Carbon Composite Target Arrows are equipped with screw-in points to leave option for upgrade and hunting. These arrows are proven good intermediate arrows by both professionals and hunters.<br>","<p><b>Shaft Specifications:</b></p><p></p><ul><li>Shaft length: 28.5""<br></li><li>Spine: 600 (Actual deflection: 0.600"")<br></li><li>Straightness: +/- 0.001""<br></li><li>Made of carbon composite<br></li></ul><p></p><p><b>Arrow Specifications:</b></p><p></p><ul><li>Total length: 29.0""<br></li><li>Weight: 500 grains<br></li><li>Come with target point &amp; insert</li><li>Adjustable nock<br></li><li>Pack of 1 dozen<br></li></ul><p></p>",30.0,37.79,USD,37.79,0.0,PUBLISHED,ACTIVE,NOT_AVAILABLE,"STANDARD,EXPEDITED,RUSH,STORE_DELIVERY","=""59D1ESX4JCNC""","=""885998480""","=""572055760""","=""00714602405513""","=""714602405513""",https://i5.walmartimages.com/asr/2dba5de4-5548-4e27-8f78-6415446f5576_1.fd4b5bc99fc7e3ad6e1fd6ccf6b1de96.jpeg,Arrows,"[""Home Page"",""Sports & Outdoors"",""Outdoor Sports"",""Hunting"",""Archery"",""Arrows and Bows"",""Arrows""]",10/07/2018,12/31/2049,10/07/2018,05/27/2020,http://www.walmart.com/ip/28-inch-Natural-Feather-Fletching-Carbon-Composite-Target-Arrows-1-Dozen/885998480,0,
34478,"=""9H-C8GC-FGO8""",Posch Archery Beginner\'s First 30\'\' Fiberglass Pink Arrows (12 Pack) for Recuve & Compound Bow Youth Target Practice Archery Arrows,Sport & Recreation Other,"Posch Archery Beginner\'s First Arrows is designed for most commonly used bows like Samick Sage, Bowtech, Hoyt, Bear\'s and Mathews. They are nocked for takedown recurve bows, but also work well on compound bows. Beginner\'s First Arrows are made of fiberglass for target archery, field archery and 3-D archery. They are more tolerant to misuse, hence safer and more reliable than carbon arrows and wood arrows. That makes them perfect for the novice and youth.<br>",Posch Archery Beginner\'s First 30\'\' Fiberglass Pink Arrows (12 Pack) for Recuve & Compound Bow Youth Target Practice Archery Arrows,17.5,23.99,USD,21.99,0.0,PUBLISHED,ACTIVE,NOT_AVAILABLE,"STANDARD,EXPEDITED,RUSH","=""3N84QLZ5VIIF""","=""964157193""","=""567466037""","=""00714602405797""","=""714602405797""",https://i5.walmartimages.com/asr/4c082e30-56d6-439b-99b9-9597099b2cf9_1.c8224b42e6f4c2411c8a658761e234e9.jpeg,Arrows,"[""Home Page"",""Sports & Outdoors"",""Outdoor Sports"",""Hunting"",""Archery"",""Arrows and Bows"",""Arrows""]",02/21/2018,12/31/2049,06/09/2017,05/27/2020,http://www.walmart.com/ip/Posch-Archery-Beginner-s-First-30-Fiberglass-Pink-Arrows-12-Pack-for-Recuve-Compound-Bow-Youth-Target-Practice-Archery-Arrows/964157193,3,4.7
34478,"=""23-1D2Z-3311""",Best Value Fast Reading Adjustable Cell Phone Stand Holder with Stable Base for Desk,Electronics Accessories,"<br><iframe width=""560"" height=""315"" src=""https://www.youtube.com/embed/VdVqbtqU_JM"" frameborder=""0"" allow=""accelerometer; autoplay; encrypted-media; gyroscope; picture-in-picture"" allowfullscreen></iframe> <br><b>Enhancing Reading Efficiency</b> <br> - By aligning phone and laptop/desktop screens onto the same plane, <br> - The holder keeps eye focal distance from changing, <br> - Hence making reading fast when moving from one screen to another. <br><b>360 Degree Fully Adjustable</b> <br> - Clip-on Phone Mount fully adjustable to any angle. <br> - Height adjustable from 0 to 18 inches (0-45cm). <br><b>Phone Safe Stable Flat Base</b> <br> - Unlike lightweight plastic phone holder, this stand uses heavy metal as base, making it much more stable against tip off. <br> - The base is flat enough to hide under a laptop or anything. It works as paperweight further helps with the stability. <br><b>Clip-on Phone Mount</b> <br> - Compatible with any mainstream cell phones sizes",<ul><li>Enhancing Reading Efficiency</li><li>360 Degree Fully Adjustable</li><li>Phone Safe Stable Flat Base</li><li>Clip-on Phone Mount</li></ul><p></p>,30.0,35.99,USD,35.99,0.0,PUBLISHED,ACTIVE,NOT_AVAILABLE,"STANDARD,EXPEDITED,RUSH,STORE_DELIVERY","=""6NJ16R5RUZR5""","=""329673657""","=""572726839""","=""00680666478001""","=""680666478001""",https://i5.walmartimages.com/asr/7aa591b2-708f-4689-a41b-24331a6a7eae_1.4fd27b8f32f4e0751b3caf66585a4cb7.jpeg,UNNAV,"[""UNNAV""]",11/17/2018,12/31/2049,11/17/2018,06/09/2020,http://www.walmart.com/ip/Best-Value-Fast-Reading-Adjustable-Cell-Phone-Stand-Holder-with-Stable-Base-for-Desk/329673657,0,
34478,"=""9503-1SP6-74""",Inflatable Reindeer Antler Ring Toss Game for Christmas Party,Toys,"<b>One Set includes:</b> <br>- 1 * Antler <br>- 4 Toss Rings (2 Green 2 Red) <br> <b>Universal Head Size (3+ Yo)</b> <br> <br>Great Christmas holiday party features inflatable reindeer antler hat ring toss game. <br>Antler measures overall length 80 cm/31.5 inch, rings measure 20 cm/7.9 inch. <br>Add much fun to your Christmas holiday party and school day, and enjoy a warm cheerful winter with this funny inflatable ring toss game. <br>Perfect for indoor or outdoor ring toss game, office, family, freinds and stocking stuffer; Amusing Christmas gifts for your friends or family.","<ul><li>Great gag or photo prop</li><li>Totally ridiculous but fun</li><li>Toss game provids hours of fun, especially for the adults</li></ul>",10.0,7.69,USD,6.99,0.0,PUBLISHED,ACTIVE,NOT_AVAILABLE,"STANDARD,EXPEDITED,RUSH","=""2MU39XXLYRQ3""","=""515790106""","=""572039437""","=""00680666477981""","=""680666477981""",https://i5.walmartimages.com/asr/f5f0aa25-f322-458f-a3a7-de832dfa8998_1.46cc67a439dd1e99fb95ca428c429067.jpeg,Santa Hats & Wear,"[""Home Page"",""Party & Occasions"",""Party Supplies"",""Christmas Party Supplies"",""Santa Hats & Wear""]",10/05/2018,12/31/2049,10/05/2018,05/27/2020,http://www.walmart.com/ip/Inflatable-Reindeer-Antler-Ring-Toss-Game-for-Christmas-Party/515790106,0,
34478,"=""CV-KN95-ASFH""",DIY Digital Print Fabric by the Yard,Art & Craft,DIY Digital Print Fabric by the Yard,<ul><li>Filter performance: >=95%</li><li>Test agent: NaCl</li><li>Flow rate: 85 L/min</li><li>Total inward leakage (tested on human subjects each performing exercises): <= 8% leakage (arithmetic mean)</li><li>Inhalation resistance: <=350 Pa</li><li>Exhalation resistance: Depressurization to 0 Pa >= 20 sec</li><li>Force applied: -1180 Pa</li><li>CO2 clearance requirement: <=1%</li></ul>,180.0,200.0,USD,199.99,0.0,SYSTEM_PROBLEM,ACTIVE,AVAILABLE,"STANDARD,EXPEDITED,RUSH,STORE_DELIVERY","=""5UOWYWHXIHNO""","=""201378933""","=""580026481""","=""00680666478070""","=""680666478070""",https://i5.walmartimages.com/asr/42a5ffc8-6d73-4e43-abd6-942b52d1c318_1.8b83f1d698b66a4a8a954a83c31a36f7.png,Lab Safety,"[""Home Page"",""Industrial & Scientific"",""Occupational Health & Safety Products"",""Emergency Response Equipment"",""Lab Safety""]",03/10/2020,12/31/2049,03/10/2020,05/27/2020,http://www.walmart.com/ip/DIY-Digital-Print-Fabric-by-the-Yard/201378933,0,
34478,"=""6506-6776-10""",Standard Size White Faux Fur Sherpa Throw Blanket (52\'\' by 60\'\') Fleece for Couch,Bedding,"Enjoy the softness and warmth of this Cosy sherpa throw blanket. Whether you are watching TV in a couch or reading a book on a bed, this blanket is a good company. The amazing warmth and softness of this throw is also a favorate to your cat and dog. The double side blanket fluffy furry texture gives double soft and warm, a good road trip and office companion. <br> <br> <iframe width=""560"" height=""315"" src=""https://www.youtube.com/embed/5T-fyW3g0Sg"" frameborder=""0"" allow=""accelerometer; autoplay; encrypted-media; gyroscope; picture-in-picture"" allowfullscreen></iframe><br>","<ul><li>It\'s a double-sided fluffy throw. It&nbsp;gives&nbsp; you instant warmth in cold days.</li><li>Inspired by little kittens, the blanket is made&nbsp;super soft and furry.<br></li><li>Feels lightweight, actually quite exquisitely made, features 425 GSM, same as Egyptian cotton\'s quality.</li><li>Standard size blanket/throw, measures 52""x 60"", perfect for lounging.</li></ul><p></p>",21.0,23.33,USD,23.33,5.99,PUBLISHED,ACTIVE,NOT_AVAILABLE,"STANDARD,EXPEDITED,RUSH","=""6FCV66C7GYQS""","=""568648770""","=""569758039""","=""00680666477868""","=""680666477868""",https://i5.walmartimages.com/asr/cf3812e8-e1c4-4b82-9cc7-1464f7052703_1.034b574dbaf0b19668d46f2546bdc331.jpeg,Cotton Fabric,"[""Home Page"",""Arts Crafts & Sewing"",""Fabric"",""Shop Fabric by Material"",""Cotton Fabric""]",06/14/2018,12/30/2049,05/24/2018,06/07/2020,http://www.walmart.com/ip/Standard-Size-White-Faux-Fur-Sherpa-Throw-Blanket-52-by-60-Fleece-for-Couch/568648770,0,
34478,"=""9006-ATXZ-91""","Best Value 360 All-round Table Top Tripod Stand for iPhone, Camera, Camcorder, Cell Phone",Cameras & Lenses,"<b>All-round 42"" Light Tripod</b><br> - Slippery Resistant Rubber Stand<br> - Level Indicator<br> - 3-way Pan Head<br> - Ultralight & Portable<br> <br> <b>Device Compatibility</b><br> - Compatible with Any Camcorders with Pan Socket<br> - Compatible with All Smart Phones (iPhone, Samsung, iPod, iPad), <b>Phone Clip Included</b><br> - Compatible with Cannon & Nikon Cameras with All Lenses (Except Telephoto)<br> <br> <b>Measurements</b><br> - Max. Working Height: 43.3""<br> - Min. Working Height: 13.8""<br> - Weight: 0.8lbs<br> - Max. Bearing Weight: 4.5lbs<br>","Best Value 360\xc2\xb0 All-round Table Top Tripod Stand for iPhone, Camera, Camcorder, Cell Phone",10.0,10.49,USD,10.49,0.0,PUBLISHED,ACTIVE,NOT_AVAILABLE,"STANDARD,EXPEDITED,RUSH","=""7F0CXLWQGRIE""","=""189321377""","=""572586274""","=""00680666478025""","=""680666478025""",https://i5.walmartimages.com/asr/6d4fe023-0420-4d86-96a0-cae9f1b69209_1.6a642ac2ce798f7399846e9013f2d970.jpeg,Phone Tripods,"[""Home Page"",""Cell Phones"",""Cell Phone Accessories"",""Cell Phone Photography Accessories"",""Phone Tripods""]",11/05/2018,12/31/2049,11/05/2018,06/10/2020,http://www.walmart.com/ip/Best-Value-360-All-round-Table-Top-Tripod-Stand-for-iPhone-Camera-Camcorder-Cell-Phone/189321377,6,3.3
34478,"=""9405-050F-4040""","The Eclipse - Contemporary Style LED Tripod Floor Lamp for Reading in Bedroom, Living Room, Or Office","Home Decor, Kitchen, & Other","Add a touch of contemporary style to your home decore with ""the Eclipse"" LED Tripod Floor Lamp. The floor lamp is constructed with a modern design of ring of lights that can be directed to the place you want it to. That makes the floor lamp a great reading light in the study and craft light in the office. The shape of the light is a fit with any modern decoration of living room and bedroom. It features a stable tripod stand allowing it be placed anywhere as a background environmental lamp.","<ul><li>Contemporary Floor Lamp</li><li>Adjustable Light Direction</li><li>Incandescent LED Bulb</li><li>Height 5ft, Wattage 16 watts</li><li>Color Temperature 3000 Kelvin (Warm White)</li></ul>",60.0,55.0,USD,55.0,0.0,PUBLISHED,ACTIVE,AVAILABLE,"STANDARD,EXPEDITED,RUSH,STORE_DELIVERY","=""2OM06GVIPWRK""","=""587534087""","=""570901080""","=""00680666477967""","=""680666477967""",https://i5.walmartimages.com/asr/5774ea01-1d3d-434c-830c-dff45649a987_1.d8ff6fc90554b7e3f7fe4799f4a4020f.jpeg,Shop All Floor Lamps,"[""Home Page"",""Home"",""Decor"",""Lighting & Light Fixtures"",""Floor Lamps"",""Shop All Floor Lamps""]",07/28/2018,12/31/2049,07/28/2018,06/10/2020,http://www.walmart.com/ip/The-Eclipse-Contemporary-Style-LED-Tripod-Floor-Lamp-for-Reading-in-Bedroom-Living-Room-Or-Office/587534087,15,4.6
34478,"=""6506-4424-10""","Blackhead Remover Pimple Professional Pimple Comedone Extractor Popper Tool Acne Removal Kit - Treatment for Pimples, Blackheads, Zit Removing, Forehead,Facial and Nose(Black)",Tools,"1. 100% Brand New<br>Color: Silver<br>Material: Stainless steel<br>Size: As the picture show<br>Weight: App 37g<br> 2. Textured handle is easy to grip<br>3. For Professionals and Personal Use<br>4. Applications: Blackheads, whiteheads, acne,comedo,pimples instructions<br> Package Include:5 \xc3\x97 Blackhead Remover Needles","<ul><li>Perfect for remove blackhead , stainless steel tools. include 2 kinds of style, choose it use according to your needs</li><li>Used for removing blackheads, whiteheads,acne, pimple and blemish to keep your face clean and smooth</li><li>Made of stainless steel helps to minimize the risk of bacterial infection than squeezing with your fingers or nails</li><li>Good for the hard to reach areas like around the underside of the chin and around the sides of the nose etc</li><li>Clean with cotton &amp; alcohol before or after use.</li></ul>",21.0,26.24,USD,8.99,0.0,PUBLISHED,ACTIVE,NOT_AVAILABLE,"STANDARD,EXPEDITED,RUSH","=""7BYQN6V8TRAA""","=""749865285""","=""568885754""","=""00680666477851""","=""680666477851""",https://i5.walmartimages.com/asr/04e78689-c2ad-4d8b-940d-0ff25027b404_1.323f650b0586129fade9874cd9ecfc53.jpeg,Blackhead Removers,"[""Home Page"",""Beauty"",""Skin Care"",""Best Acne Treatments 2020"",""Blackhead Removers""]",05/01/2018,12/31/2049,05/01/2018,06/05/2020,http://www.walmart.com/ip/Removal-Remover-Zit-Acne-Comedone-Pimples-Removing-Pimple-Nose-Black-Treatment-Professional-Forehead-Facial-Kit-Popper-Blackhead-Extractor-Blackheads/749865285,0,0.0
34478,"=""EQ-SP66-0ZQ0""",Red Heart Shaped Auto-Open Golf Umbrella for Girls,Clothing,"The Girl\'s heart-shaped golf umbrella is adorable! <br> It is a great travel accessory for showing off a girl\'s love in the rain and gives your sweet memories. <br> The light weight one-button auto-open umbrella design with aluminum alloy shaft and comfy form grip allows the umbrella to stand strong in the rain and sun. <br> In gloomy days, it is an umbrella for rain and storm, it is windproof. In bright days, it is an umbrella for girls against uv light. <br> Best of all, the creative heart shape look turns you into his one and only. <br> Get the heart shaped umbrella, let your love under your protection. <br> Closed length: 32"" <br> Canopy arc: 34"" <br> An umbrella large enough for a couple.","<ul><li>White Heart Shaped Girls Umbrella Parasol for Valentine, Wedding, Engagement and Photo Props<br></li></ul>",24.0,26.3,USD,26.3,5.99,PUBLISHED,ACTIVE,AVAILABLE,"STANDARD,EXPEDITED,RUSH","=""48TL4A7EJ4DC""","=""288329340""","=""567367989""","=""00714602405261""","=""714602405261""",https://i5.walmartimages.com/asr/ab340dca-ba37-4444-aa55-3daabbf96d86_1.5b0a75de39d207355a3725fb1c8cc930.jpeg,Girls\' Umbrellas,"[""Home Page"",""Clothing"",""Bags & Accessories"",""Kids & Baby Backpacks & Accessories"",""Girls\' Backpacks & Accessories"",""Girls\' Umbrellas""]",02/12/2018,12/30/2049,11/28/2017,05/27/2020,http://www.walmart.com/ip/Red-Heart-Shaped-Auto-Open-Golf-Umbrella-for-Girls/288329340,5,4.2
34478,"=""40-TC24-6983""",24\'\' Orange Collapsible Folding Traffic Safety Cone,Vehicle Parts & Accessories,"<b>24\'\' Collapsible Folding Traffic Safety Cone</b> <br>Alter the traffic flow to ensure safety road conditions with portable collapsible folding traffic cone. The collapsible traffic cone is designed to be carried with ease and used as a full-functional conventional safety cones. The size of the collapsible cone can be adjusted to the needs. It can be for traffic optimization, or as an obstacle for sports. The collapsible traffic safety cone is made of strong waterproof nylon that can withstand extreme weather conditions without the concern of shattering. Featuring reflective cover, the folding traffic cone is highly visible even in the dark. The Traffic Safety Cone\'s color will not fade in the sun or rain. The traffic cone can be used in many occasions, it helps motorists to know where to go and where not.",<ul><li>Extend up to 24\'\' height for easy sighting</li><li>Collapses flat for easy storage in the trunk</li><li>Compliant with MUTCD Standards</li><li>Waterproof Nylon with Reflective Cover</li></ul>,10.0,14.99,USD,14.99,5.99,PUBLISHED,ACTIVE,NOT_AVAILABLE,"STANDARD,EXPEDITED,RUSH","=""554YCVQHM3VR""","=""632798602""","=""568452419""","=""00680666477806""","=""680666477806""",https://i5.walmartimages.com/asr/ddb6df28-c3b6-4db4-9972-7053c27a9b8e_1.31d858e455304c41510873397b009864.jpeg,Basketball Accessories,"[""Home Page"",""Sports & Outdoors"",""Sports"",""Basketball"",""Basketball Accessories""]",04/16/2018,12/31/2049,04/16/2018,05/27/2020,http://www.walmart.com/ip/24-Orange-Collapsible-Folding-Traffic-Safety-Cone/632798602,0,
34478,"=""9503-1SO9-74""",Large Stuffed Animal Soft Cushion Grey Elephant Plush Pillow Toy for Kids (20\'\'),Toys,"Soft and adorable, this bedtime plush elephant toy animal is an excellent gift idea for all little cute baby and kids. This stuffed animal looks just as cute and cuddly in the screen as it does in the arms of your baby. With big, floppy ears, tender eyes and a curved trunk, this plush elephant is full of love.<br> <br> <iframe width=""560"" height=""315"" src=""https://www.youtube.com/embed/YVM8ONuUqPo"" frameborder=""0"" allow=""accelerometer; autoplay; encrypted-media; gyroscope; picture-in-picture"" allowfullscreen></iframe>","<div><span style=""font-weight: 700;"">Specifications</span><b><br></b></div><ul><li>Filling: high quality non-allergic polyester cotton</li><li>Measures: 20x16x10 inch</li><li>Weight: 1.6lbs/0.75kg</li><li>Wrapped &amp; shipped in soft package</li></ul><p><span style=""font-weight: 700;"">Wash Instruction</span></p><ul><li>Machine wash safe;</li><li>Delicate cycle;</li><li>Do not bleach, iron or dry clean;</li><li>Tumble dry in low temperature</li></ul>",28.0,27.99,USD,27.99,5.99,PUBLISHED,ACTIVE,AVAILABLE,"STANDARD,EXPEDITED,RUSH","=""5Q827AUQYNCZ""","=""231682678""","=""572039355""","=""00680666477974""","=""680666477974""",https://i5.walmartimages.com/asr/cde89e95-5e66-4595-a54d-e010559a814b_1.ae4e1fe70b2d7c342bb83eeac817c11a.jpeg,2 to 4 Years,"[""Home Page"",""Toys"",""Stuffed Animals & Plush Toys"",""2 to 4 Years""]",10/05/2018,12/31/2049,10/05/2018,06/12/2020,http://www.walmart.com/ip/Large-Stuffed-Animal-Soft-Cushion-Grey-Elephant-Plush-Pillow-Toy-for-Kids-20/231682678,15,4.5
34478,"=""LWRS-RBSP-A9""",Code - Pricing Error,Sport & Recreation Other,Bigger & Better - This Rainbow Sprinkler is 5.6ft by 6.6ft large. An older elementary or younger middle school aged child can fit under it to run through.<br> Easy Set Up - Side clouds are built with pockets to put water/sand in so that it has weight to anchor it down. Connecting the hose is very easy and the hose remains stably attached through the hoops.<br> Nice Water Flow - Water comes out with a good flow and doesn\'t just drip down. Holes on each side of the rainbow stripe make the water come out both sides and goes a fair distance.<br> Vibrant Colors - The colors are brilliant and vibrant and looks like a real rainbow.<br> A Must-have Summer Fun - This will definitely bring lots of summer fun when cooling off during hot days.,<ul><li>Bigger &amp; Better - This Rainbow Sprinkler is 5.6ft by 6.6ft large. An older elementary or younger middle school aged child can fit under it to run through.</li><li>Easy Set Up - Side clouds are built with pockets to put water/sand in so that it has weight to anchor it down. Connecting the hose is very easy and the hose remains stably attached through the hoops.<br></li><li>Nice Water Flow - Water comes out with a good flow and doesn\'t just drip down. Holes on each side of the rainbow stripe make the water come out both sides and goes a fair distance.<br></li><li>Vibrant Colors - The colors are brilliant and vibrant and looks like a real rainbow.<br></li><li>A Must-have Summer Fun - This will definitely bring lots of summer fun when cooling off during hot days.<br></li></ul>,42.0,78.85,USD,25.99,0.0,UNPUBLISHED,ACTIVE,NOT_AVAILABLE,"STANDARD,EXPEDITED,RUSH,STORE_DELIVERY","=""6K08EEGZ12F5""","=""554844299""","=""569758038""","=""00680666477875""","=""680666477875""",https://i5.walmartimages.com/asr/8c732be6-0488-44d7-819f-cb16ca5b554f_1.d68465255a0bbafa5c6ba1f5644db770.jpeg,UNNAV,"[""UNNAV""]",05/24/2018,12/31/2049,05/24/2018,05/27/2020,http://www.walmart.com/ip/Code-Pricing-Error/554844299,0,
34478,"=""AA601K12B""",Posch Archery Beginner\'s First 30\'\' Fiberglass Arrows (12 Pack) for Recuve & Compound Bow Youth Target Practice Archery Arrows,Sport & Recreation Other,"Posch Archery Beginner\'s Frist Arrows with glue-on target point and nock are the perfect arrows for recreational and playtime target archery. In contrast to carbon arrows, the 30-inch fiberglass arrows are more durable and misuse tolerant, making it more suitable for novice archers to begin with. Each arrows shaft is double walled for extra thickness and durability so the arrows can be reused as many times as possible without fearing of a minor fraction which leaves arrows not safe to shoot. The Beginner\'s First Arrows are equipped with glue-on points and nocks to release archers from the trouble of tightening the points and manually fix up the nock. These arrows are proven good starter arrows by both professionals and beginners. <br>","<ul><li>SAFE: reinforced shaft designed for beginners.</li><li>DURABLE:Strong &amp; reliable structure has good performance.</li><li>BOW FRIENDLY:comply with most sub #35 bows, best on 30 lbs.&nbsp;</li><li>Measures:30\'\' (bare shaft)</li><li>Weights:500 gr</li><li>Shaft: Fiberglass</li><li>Fletching:Straight</li><li>Index Vane:for Recurve Bows</li><li>Tips and Nocks:Push-on</li><li>Package:1 dozen</li></ul>",17.5,23.99,USD,21.99,0.0,PUBLISHED,ACTIVE,NOT_AVAILABLE,"STANDARD,EXPEDITED,RUSH","=""4MEEZ0JMXBOW""","=""615228642""","=""567250786""","=""00714602405278""","=""714602405278""",https://i5.walmartimages.com/asr/2b5bfdf8-e5b5-41e4-bad0-f11293b15979_1.2434bbdf977c1bf97bb4a82708b11e98.jpeg,Arrows,"[""Home Page"",""Sports & Outdoors"",""Outdoor Sports"",""Hunting"",""Archery"",""Arrows and Bows"",""Arrows""]",01/30/2018,12/31/2049,06/02/2017,06/10/2020,http://www.walmart.com/ip/Posch-Archery-Beginner-s-First-30-Fiberglass-Arrows-12-Pack-for-Recuve-Compound-Bow-Youth-Target-Practice-Archery-Arrows/615228642,6,5.0
34478,"=""59-RZCK-ZEIC""",Posch Sports 100 Grain Field Points (12 Pack) for Archery Arrow and Crossbow bolts for Field 3D Target Practice Shooting,Sport & Recreation Other,Posch Sports 100 Grain Field Points (12 Pack) for Archery Arrow and Crossbow bolts for Field 3D Target Practice Shooting,<ul><li>Outer Diameter: 19/64 in (7.6 mm) </li><li>Inner Diameter: 15/64 in (6.2 mm) </li><li>Weight: 100 grains</li><li>Material: Steel</li><li>Machined by AMO standards.</li><li>Come in 12 per package</li></ul>,8.0,8.52,USD,8.52,5.99,PUBLISHED,ACTIVE,NOT_AVAILABLE,"STANDARD,EXPEDITED,RUSH","=""5X2EH46UO80X""","=""175053975""","=""567852524""","=""00680666477622""","=""680666477622""",https://i5.walmartimages.com/asr/a71b56f8-0151-4012-9e3b-8f37cc2210d2_1.cab58d9836ffd6d7b12fd8777694e7dd.jpeg,Broadheads,"[""Home Page"",""Sports & Outdoors"",""Outdoor Sports"",""Hunting"",""Archery"",""Arrows and Bows"",""Broadheads""]",03/06/2018,12/31/2049,03/18/2018,06/11/2020,http://www.walmart.com/ip/Posch-Sports-100-Grain-Field-Points-12-Pack-for-Archery-Arrow-and-Crossbow-bolts-for-Field-3D-Target-Practice-Shooting/175053975,0,
34478,"=""0A-JU5N-PBC3""","Blackout UV Proof Auto Open Close Folding Umbrella, 40\'\'",Clothing,"<b>Blackout UV Proof Layer: </b><br>features Anti-UV Vinyl layer from the inside and Water Repelling lay from the outside<br><b>Heavy Wind proof Inversion-resistant structure:</b><br>10-rib enhanced lightweight aluminum structure holds on heavy wind resistant to inversion<br><b>One Press Auto Open mechanism</b><br><b>Specifications:</b><br>Canopy (open) size: 40"" (102.5cm)<br>Folded length: 13.4"" (34cm)<br>Weight: 0.8 lbs<br>Come with carrying pouch",<ul><li>Blackout UV proof layer</li><li>Heavy wind resistant</li><li>One press auto open</li><li>Come with carrying pouch</li></ul>,12.0,16.3,USD,12.99,0.0,PUBLISHED,ACTIVE,NOT_AVAILABLE,"STANDARD,EXPEDITED,RUSH","=""1RKCQ7MHF4JS""","=""135002214""","=""575224161""","=""00680666477790""","=""680666477790""",https://i5.walmartimages.com/asr/14382381-9186-4569-a1f5-42253d4bc7b1_1.842ede71896fb6b73f382cb3cabbcd1c.jpeg,Umbrellas,"[""Home Page"",""Clothing"",""Bags & Accessories"",""Luggage & Travel"",""Umbrellas""]",04/17/2019,12/30/2049,03/16/2018,05/28/2020,http://www.walmart.com/ip/Blackout-UV-Proof-Auto-Open-Close-Folding-Umbrella-40/135002214,5,5.0
34478,"=""DSPG20171122""","47\'\' Inflatable Giant Donut Swimming Tube Rings, Pool Floats and Loungers for Adults and Kids",Sport & Recreation Other,"<b>Posch Giant Donut Swimming Tube Float Lounge</b> <br> Get yourself a cool summer with water pool float of this lovely donut swimming ring. It sure brings you so much fun in the pool or beach. This extra-large doughnut looks extra delicious in the pool party. Whoever looking at it can\'t resist the bite of the donuts. The topping combination of sprinkles and a beautiful girl certainly is the heat of the pool. Sit and chill in the pool or on the lake with Posch Giant Donut Swimming Tube Float Lounge. <br> The Float Tube is made of extra thick non-phthalates materials to provide you with additional security. It supports over 150 lbs of weight, large enough to fit a curvy or two slim. Enjoy your summer water fun with this Giant Donut Swimming Floatie!","<ul><li>4-ft diameter swim ring</li><li>Durable extra-thick vinyl</li><li>Anti-UV imprint does not wear-off</li><li>Creative design of a doughnut with frosting &amp; sprinkles</li><li>Great for recreational water activities such as pool party, sea side swimming.</li></ul>",11.0,16.99,USD,14.99,0.0,PUBLISHED,ACTIVE,NOT_AVAILABLE,"STANDARD,EXPEDITED,RUSH","=""33IUH1ECHWJ9""","=""558140622""","=""567250756""","=""00714602406237""","=""714602406237""",https://i5.walmartimages.com/asr/32cec12c-2444-42f1-92b8-a56dac171e2a_1.afb138580b4153dc0e5a2a56379772b5.jpeg,Pool Floats and Loungers,"[""Home Page"",""Toys"",""Outdoor Play"",""Floats and Pool Games"",""Pool Floats and Loungers""]",01/01/2018,12/31/2049,11/23/2017,05/28/2020,http://www.walmart.com/ip/47-Inflatable-Giant-Donut-Swimming-Tube-Rings-Pool-Floats-and-Loungers-for-Adults-and-Kids/558140622,6,4.8
34478,"=""LWOD-FGKP-31""",Posch Sports 3-in-1 Flamingo Inflatable Kiddie Pool & Water Slide & Splash Sprayer Sprinkler for Kids Outdoor Backyard Summer Pool Toy and Water Fun Party Play,Sport & Recreation Other,"Includes: water slide, wading pool, water sprayer.<br> Inflated Size: 96.5"" by 62"".<br> Water Capacity: Max. approx. 170 gallons.<br> Foot Washing Basin: Clean foot before sliding into main pool, keep mud away from kids.<br> Age Grade: 18 months & up","<ul><li>Includes: Water slide, Wading pool, Water sprayer.</li><li>Inflated Size: 96.5"" by 62"".</li><li>Water Capacity: Max. approx. 170 gallons.</li><li>Age Grade: 18 months & up</li></ul>",43.0,49.99,USD,49.99,0.0,PUBLISHED,ACTIVE,NOT_AVAILABLE,"STANDARD,EXPEDITED,RUSH,STORE_DELIVERY","=""1LZD2ULMGE0L""","=""173369840""","=""576902960""","=""00680666477882""","=""680666477882""",https://i5.walmartimages.com/asr/05e7f6bb-1d2c-406a-97cc-593bb38dbce2_1.8afc04977c063ab6d1c13f84916d7549.jpeg,UNNAV,"[""UNNAV""]",08/15/2019,12/31/2049,08/15/2019,06/11/2020,http://www.walmart.com/ip/Water-Posch-Sprayer-Summer-Inflatable-3-in-1-Party-Slide-Backyard-Outdoor-Pool-Fun-Sports-Kiddie-Kids-Sprinkler-Play-Flamingo-Splash-Toy/173369840,0,
34478,"=""SEBR-4033-8067""","30 Feet Battle Rope, 1.5"" Diameter, for Battling Fat Undulation Workout Fitness Training Exercises",Sport & Recreation Other,"Posch Battle Rope is a perfect workout equipment for athletes, gym fanatics, CPT, MMA, crossfit, or anyone looking to get in shape! The battle ropes are made by the strong nylon that is used in anchoring crusiers, that means it almost unbreakable even on the strongest user\'s hand. The battle rope is covered thermal treated rubber handles that are slippery resist. The easy to store nature makes the battle rope portable to the gym or to mount on the fitness room or even outdoors with a simple anchor kit. Enjoy the battle rope anywhere.","30 Feet Battle Rope, 1.5"" Diameter, for Battling Fat Undulation Workout Fitness Training Exercises",36.0,39.99,USD,39.99,0.0,PUBLISHED,ACTIVE,NOT_AVAILABLE,"STANDARD,EXPEDITED,RUSH,STORE_DELIVERY","=""6J18QBLOIRD0""","=""131543093""","=""568236560""","=""00680666477844""","=""680666477844""",https://i5.walmartimages.com/asr/38e9a112-c478-4211-bf89-f6308ba4f959_1.75f96310de9b34fd5ff7554dd2fb5520.jpeg,All Exercise and Fitness Accessories,"[""Home Page"",""Sports & Outdoors"",""Exercise & Fitness"",""Exercise & Fitness Accessories"",""All Exercise and Fitness Accessories""]",03/30/2018,12/31/2049,03/30/2018,05/27/2020,http://www.walmart.com/ip/30-Feet-Battle-Rope-1-5-Diameter-for-Battling-Fat-Undulation-Workout-Fitness-Training-Exercises/131543093,1,5.0
34478,"=""HF-MBDI-VQHN""",Posch Camouflage Youth Recurve Bow and 1-Dozen Arrow Set (Right-Hand Use) Full Package,Sport & Recreation Other,"Boost your aim and hone your skills further with the Posch Camouflage Youth Recurve Bow Package. This set is practical and fun. This all-weather recurve bow set is made from composite fiberglass and is built to last. The package includes one dozen arrows, an arm guard, a four-piece quiver, a finger tab and an adjustable pin sight. It has a draw weight of 20 lbs, which is manageable for beginners, and a draw length of 48.5"".","<ul><li>Contains not just 2 arrows, but ONE DOZEN ARROWS</li><li>Come with QUIVER & AIM</li><li>Complimentary FINGER TAB & ARM GUARD</li><li>Camouflage</li><li>Draw weight 20 lbs.</li></ul>",55.0,63.99,USD,63.99,0.0,PUBLISHED,ACTIVE,NOT_AVAILABLE,"STANDARD,EXPEDITED,RUSH,STORE_DELIVERY","=""4XXH5M497J9T""","=""854736609""","=""567884713""","=""00680666477639""","=""680666477639""",https://i5.walmartimages.com/asr/e7d59371-07dc-43af-b191-aa7894f3c529_1.4c3d81826d10ad65a4d1b30c9738f44b.jpeg,UNNAV,"[""UNNAV""]",03/07/2018,12/31/2049,03/07/2018,06/12/2020,http://www.walmart.com/ip/Posch-Camouflage-Youth-Recurve-Bow-and-1-Dozen-Arrow-Set-Right-Hand-Use-Full-Package/854736609,0,
34478,"=""9503-7NMB-6T""",Large Stuffed Animal Soft Cushion Grey Elephant Plush Pillow Toy for Kids (20\'\'),Baby Toys,"Soft and adorable, this bedtime plush elephant toy animal is an excellent gift idea for all little cute baby and kids. This stuffed animal looks just as cute and cuddly in the screen as it does in the arms of your baby. With big, floppy ears, tender eyes and a curved trunk, this plush elephant is full of love.<br> <br> <iframe width=""560"" height=""315"" src=""https://www.youtube.com/embed/YVM8ONuUqPo"" frameborder=""0"" allow=""accelerometer; autoplay; encrypted-media; gyroscope; picture-in-picture"" allowfullscreen></iframe>",Large Stuffed Animal Soft Cushion Grey Elephant Plush Pillow Toy for Kids (20\'\'),16.5,21.0,USD,21.0,5.99,PUBLISHED,ACTIVE,NOT_AVAILABLE,"STANDARD,EXPEDITED,RUSH","=""613R2MG0HKTC""","=""107903224""","=""576983288""","=""00680666477929""","=""680666477929""",https://i5.walmartimages.com/asr/3af42d9c-d836-451e-9803-2e1ad4002e68_1.ae4e1fe70b2d7c342bb83eeac817c11a.jpeg,All Stuffed Animals & Plush,"[""Home Page"",""Toys"",""Stuffed Animals & Plush Toys"",""All Stuffed Animals & Plush""]",08/21/2019,12/31/2049,08/21/2019,06/10/2020,http://www.walmart.com/ip/Large-Stuffed-Animal-Soft-Cushion-Grey-Elephant-Plush-Pillow-Toy-for-Kids-20/107903224,1,5.0
34478,"=""9503-7NMB-6T""",Large Stuffed Animal Soft Cushion Grey Elephant Plush Pillow Toy for Kids (20\'\'),Baby Toys,"Soft and adorable, this bedtime plush elephant toy animal is an excellent gift idea for all little cute baby and kids. This stuffed animal looks just as cute and cuddly in the screen as it does in the arms of your baby. With big, floppy ears, tender eyes and a curved trunk, this plush elephant is full of love.<br> <br> <iframe width=""560"" height=""315"" src=""https://www.youtube.com/embed/YVM8ONuUqPo"" frameborder=""0"" allow=""accelerometer; autoplay; encrypted-media; gyroscope; picture-in-picture"" allowfullscreen></iframe>",Large Stuffed Animal Soft Cushion Grey Elephant Plush Pillow Toy for Kids (20\'\'),20.0,21.0,USD,21.0,5.99,PUBLISHED,ACTIVE,NOT_AVAILABLE,"STANDARD,EXPEDITED,RUSH","=""613R2MG0HKTC""","=""107903224""","=""576983289""","=""00680666477929""","=""680666477929""",https://i5.walmartimages.com/asr/3af42d9c-d836-451e-9803-2e1ad4002e68_1.ae4e1fe70b2d7c342bb83eeac817c11a.jpeg,All Stuffed Animals & Plush,"[""Home Page"",""Toys"",""Stuffed Animals & Plush Toys"",""All Stuffed Animals & Plush""]",08/21/2019,12/31/2049,08/21/2019,06/10/2020,http://www.walmart.com/ip/Large-Stuffed-Animal-Soft-Cushion-Grey-Elephant-Plush-Pillow-Toy-for-Kids-20/107903224,1,5.0
34478,"=""4K-Q8SD-9U9H""",Floral White Faux Fur Sherpa Throw Blanket by Blankitten,"Home Decor, Kitchen, & Other","Enjoy the softness and warmth of this Cosy sherpa throw blanket. Whether you are watching TV in a couch or reading a book on a bed, this blanket is a good company. The amazing warmth and softness of this throw is also a favorate to your cat and dog. The double side blanket fluffy furry texture gives double soft and warm, a good road trip and office companion. <br> <br> <iframe width=""560"" height=""315"" src=""https://www.youtube.com/embed/5T-fyW3g0Sg"" frameborder=""0"" allow=""accelerometer; autoplay; encrypted-media; gyroscope; picture-in-picture"" allowfullscreen></iframe><br>","<ul><li>It\'s a double-sided fluffy throw. It&nbsp;gives&nbsp; you instant warmth in cold days.</li><li>Inspired by little kittens, the blanket is made&nbsp;super soft and furry.<br></li><li>Feels lightweight, actually quite exquisitely made, features 425 GSM, same as Egyptian cotton\'s quality.</li><li>Standard size blanket/throw, measures 52""x 60"", perfect for lounging.</li></ul>",17.0,17.99,USD,15.99,0.0,PUBLISHED,ACTIVE,NOT_AVAILABLE,"STANDARD,EXPEDITED,RUSH","=""71SST9QX966A""","=""137557207""","=""567851714""","=""00714602405742""","=""714602405742""",https://i5.walmartimages.com/asr/493cfd81-d2ca-4f0b-959d-fd4274dd8bd9_1.034b574dbaf0b19668d46f2546bdc331.jpeg,Decorative Throws,"[""Home Page"",""Home"",""Decor"",""Decorative Throws""]",03/06/2018,12/31/2049,06/13/2017,06/10/2020,http://www.walmart.com/ip/Floral-White-Faux-Fur-Sherpa-Throw-Blanket-by-Blankitten/137557207,46,4.9
34478,"=""PB-COSY-5260W""",Inflatable Rainbow Water Sprinkler for Kids Outdoor Backyard Summer Pool and Water Fun Party and Pool Play,Sport & Recreation Other,"<iframe width=""560"" height=""315"" src=""https://www.youtube.com/embed/RsDOZUdRkzc"" frameborder=""0"" allow=""accelerometer; autoplay; encrypted-media; gyroscope; picture-in-picture"" allowfullscreen></iframe> <br> <br><b>Clouds & Sprinkler</b> <br>Clouds are designed as a weight <br>Attach garden hose real easy to sprinkler <br><b>Measures</b> <br>Inflated Size 5\'6"" by 6\'6"" <br>Weight 4.6 lbs. <br><b>Material</b> <br>Made of strong thick PVC vinyl <br>Color printed from skin safe long lasting ink.",<div><ul><li><b>Bigger &amp; Better</b> - This Rainbow Sprinkler is 5.6ft by 6.6ft large. An older elementary or younger middle school aged child can fit under it to run through.</li><li><b>Easy Set Up</b> - Side clouds are built with pockets to put water/sand in so that it has weight to anchor it down. Connecting the hose is very easy and the hose remains stably attached through the hoops.</li><li><b>Nice Water Flow</b> - Water comes out with a good flow and doesn\'t just drip down. Holes on each side of the rainbow stripe make the water come out both sides and goes a fair distance.</li><li><b>Vibrant Colors</b> - The colors are brilliant and vibrant and looks like a real rainbow.</li><li><b>A Must-have Summer Fun</b> - This will definitely bring lots of summer fun when cooling off during hot days.</li></ul></div>,27.0,31.99,USD,29.99,5.99,PUBLISHED,ACTIVE,NOT_AVAILABLE,"STANDARD,EXPEDITED,RUSH","=""5R3NK7LB8I9T""","=""659654586""","=""567259710""","=""00680666477608""","=""680666477608""",https://i5.walmartimages.com/asr/445a212b-9b32-4190-a48a-8607c9563d97_1.968edb5b5909c71fb85ee227101be435.jpeg,UNNAV,"[""UNNAV""]",01/31/2018,12/31/2049,01/31/2018,06/13/2020,http://www.walmart.com/ip/Inflatable-Rainbow-Water-Sprinkler-for-Kids-Outdoor-Backyard-Summer-Pool-and-Water-Fun-Party-and-Pool-Play/659654586,1,5.0
34478,"=""SQ-8861-1871""",Code - Pricing Error,Sport & Recreation Other,"Pool Float Donald Trump Best Inflatable for The Summer, Fun Swimming Floats for Pool Party","Pool Float Donald Trump Best Inflatable for The Summer, Fun Swimming Floats for Pool Party",10.0,10.34,USD,10.34,5.99,UNPUBLISHED,ACTIVE,NOT_AVAILABLE,"STANDARD,EXPEDITED,RUSH","=""5JGXEJXPJRFM""","=""420382010""","=""572039371""","=""00680666477998""","=""680666477998""",https://i5.walmartimages.com/asr/91bc0128-496b-4020-8e7f-82dc815bcddd_1.d68465255a0bbafa5c6ba1f5644db770.jpeg,All Unicorn,"[""Home Page"",""Feature"",""Unicorn Shop"",""All Unicorn""]",10/05/2018,12/31/2049,10/05/2018,06/03/2020,http://www.walmart.com/ip/Code-Pricing-Error/420382010,0,
34478,"=""EQ-AL09-0ZQ0""",Red Heart Shaped Auto-Open Golf Umbrella for Girls,Ceremonial Clothing & Accessories,"The Girl\'s heart-shaped golf umbrella is adorable! <br> It is a great travel accessory for showing off a girl\'s love in the rain and gives your sweet memories. <br> The light weight one-button auto-open umbrella design with aluminum alloy shaft and comfy form grip allows the umbrella to stand strong in the rain and sun. <br> In gloomy days, it is an umbrella for rain and storm, it is windproof. In bright days, it is an umbrella for girls against uv light. <br> Best of all, the creative heart shape look turns you into his one and only. <br> Get the heart shaped umbrella, let your love under your protection. <br> Closed length: 32"" <br> Canopy arc: 34"" <br> An umbrella large enough for a couple.","<ul><li>This beautiful&nbsp;<span style=""font-weight: 700; color: rgb(0, 0, 0); font-family: Verdana; font-size: 14px;"">Heart Shaped Golf Umbrella</span><span style=""color: rgb(0, 0, 0); font-family: Verdana; font-size: 14px;"">&nbsp;is perfect for wedding and would be a wonderful photo prop on the day, whatever the weather.</span><br></li><li>This&nbsp;<span style=""font-weight: 700; color: rgb(0, 0, 0); font-family: Verdana; font-size: 14px;"">Heart Shaped Umbrella</span><span style=""color: rgb(0, 0, 0); font-family: Verdana; font-size: 14px;"">&nbsp;lets you stand out from the crowd when taking an afternoon stroll along the beachside promenade or in the heart of town.</span><br></li><li>On scorching hot days when the sun has got his hat on, use a&nbsp;<span style=""font-weight: 700;"">Heart Shaped Brolly</span>&nbsp;to create some personal shade.</li><li>You will want it to rain when you have this&nbsp;<span style=""font-weight: 700;"">Heart Shaped Brolly</span>&nbsp;for your very own. Makes rain a romantic experience.</li><li>It\'s light weight and strong. The&nbsp;<span style=""font-weight: 700;"">Heart Shaped Brolly</span>&nbsp;is large enough to protect the two of you on a rainy day.</li></ul>",24.0,24.99,USD,24.99,5.99,PUBLISHED,ACTIVE,NOT_AVAILABLE,"STANDARD,EXPEDITED,RUSH","=""4ANXX5GG3L7S""","=""770489917""","=""574382340""","=""00680666477646""","=""680666477646""",https://i5.walmartimages.com/asr/e586ddc7-8b2b-4f96-8030-f6cfc69b000b_1.f0ccc75b67aeb0c857eb37e467f68f8b.jpeg,Golf Accessories,"[""Home Page"",""Sports & Outdoors"",""Sports"",""Golf Equipment"",""Golf Accessories""]",02/22/2019,12/31/2049,02/22/2019,05/28/2020,http://www.walmart.com/ip/Red-Heart-Shaped-Auto-Open-Golf-Umbrella-for-Girls/770489917,1,5.0
34478,"=""LWOD-WHKP-41""",4-in-1 Whale Inflatable Water Slide & Wading Pool & Ring Toss Game & Splash Sprayer Sprinkler for Kids Outdoor Backyard Summer Pool and Water Fun Party Play (Whale),Sport & Recreation Other,"Includes: water slide, wading pool, water sprayer, ring toss game (with 3 inflatable rings).<br> Inflated Size: 96.5"" by 62"".<br> Water Capacity: Max. approx. 170 gallons.<br> Foot Washing Basin: Clean foot before sliding into main pool, keep mud away from kids.<br> Age Grade: 18 months & up","<ul><li>Includes: Water slide, Wading pool, Water Sprayer, Ring Toss Game</li><li>Inflated Size: 96.5"" by 62"".</li><li>Water Capacity: Max. approx. 170 gallons.</li><li>Age Grade: 18 months & up</li></ul>",43.0,49.99,USD,49.99,0.0,PUBLISHED,ACTIVE,NOT_AVAILABLE,"STANDARD,EXPEDITED,RUSH,STORE_DELIVERY","=""0UJ9PK59L8E8""","=""932668504""","=""576902958""","=""00680666477899""","=""680666477899""",https://i5.walmartimages.com/asr/69a5519b-0e03-42fc-a132-1638548dd75a_1.acae5f277ed0a7792c25ffcbd9f73eac.jpeg,UNNAV,"[""UNNAV""]",08/15/2019,12/31/2049,08/15/2019,06/10/2020,http://www.walmart.com/ip/Water-Sprayer-Summer-Inflatable-Wading-Party-Slide-Backyard-Outdoor-Pool-Toss-Fun-4-in-1-Kids-Sprinkler-Play-Whale-Game-Ring-Splash-Whale/932668504,0,
34478,"=""9405-BB40-40""",Best Value Fast Reading Adjustable Cell Phone Stand Holder with Stable Base for Desk,Electronics Accessories,"<br><iframe width=""560"" height=""315"" src=""https://www.youtube.com/embed/VdVqbtqU_JM"" frameborder=""0"" allow=""accelerometer; autoplay; encrypted-media; gyroscope; picture-in-picture"" allowfullscreen></iframe> <br><b>Enhancing Reading Efficiency</b> <br> - By aligning phone and laptop/desktop screens onto the same plane, <br> - The holder keeps eye focal distance from changing, <br> - Hence making reading fast when moving from one screen to another. <br><b>360 Degree Fully Adjustable</b> <br> - Clip-on Phone Mount fully adjustable to any angle. <br> - Height adjustable from 0 to 18 inches (0-45cm). <br><b>Phone Safe Stable Flat Base</b> <br> - Unlike lightweight plastic phone holder, this stand uses heavy metal as base, making it much more stable against tip off. <br> - The base is flat enough to hide under a laptop or anything. It works as paperweight further helps with the stability. <br><b>Clip-on Phone Mount</b> <br> - Compatible with any mainstream cell phones sizes",<ul><li>Enhancing Reading Efficiency</li><li>360 Degree Fully Adjustable</li><li>Phone Safe Stable Flat Base</li><li>Clip-on Phone Mount</li></ul>,13.0,15.5,USD,15.5,5.99,PUBLISHED,ACTIVE,NOT_AVAILABLE,"STANDARD,EXPEDITED,RUSH","=""6LYRVL21LE0Y""","=""792297584""","=""570052275""","=""00680666477936""","=""680666477936""",https://i5.walmartimages.com/asr/9491762b-364a-4cba-b9e8-a99324fb0e7c_1.4fd27b8f32f4e0751b3caf66585a4cb7.jpeg,UNNAV,"[""UNNAV""]",06/08/2018,12/31/2049,06/08/2018,06/10/2020,http://www.walmart.com/ip/Best-Value-Fast-Reading-Adjustable-Cell-Phone-Stand-Holder-with-Stable-Base-for-Desk/792297584,9,5.0
34478,"=""9506-W738-99""",Recurve Bow Stringer,Sport & Recreation Other,"Stringing a recurve bow without a bow stringer can jeopardize the straightness of your limbs. This Recurve Bow Stringer is made of special nylon material that withholds tremendous pull force and was weaved tear-free technics. It has rubber padding to make recurve bow stringing more comfortable. Unlike the plastic caps, which are also easy to crack in the use, the nylon caps are designed to keep bow limbs from scratch.<br> <br><iframe width=""560"" height=""315"" src=""https://www.youtube.com/embed/Tlt37hP83JY"" frameborder=""0"" allow=""autoplay; encrypted-media"" allowfullscreen></iframe>",<ul><li>Nylon Cap Protects Limbs from Scratch<br></li><li>Soft Rubber Pad for Comfortable Stringing<br><p></p></li><li>Doest not Crack like Plastic<br><p></p></li></ul>,5.0,9.52,USD,9.99,0.0,UNPUBLISHED,ACTIVE,AVAILABLE,"STANDARD,EXPEDITED,RUSH","=""46BYE881EK07""","=""961601450""","=""572064524""","=""00680666477950""","=""680666477950""",https://i5.walmartimages.com/asr/d987e1c2-d889-4b63-a6b5-ba922d58ef34_1.721e81a15877ce78c22f9533b5bfe65a.jpeg,UNNAV,"[""UNNAV""]",10/09/2018,12/31/2049,10/07/2018,06/11/2020,http://www.walmart.com/ip/Recurve-Bow-Stringer/961601450,1,5.0
34478,"=""95-03PE-OO83""",Ear Flappy Singing Baby Elephant Play Peek a Boo Animated Plush Toy (12 inch),Baby Toys,"Animated flappy elephant plush plays<br> peek-a-boo and sings \'\'Do Your Ears Hang Low\'\' <br> Peek a Boo elephant ears flap during play to delight baby <br> Made from high-quality, huggable plush material <br> Surface-washable <br> Ages 0+ <br> 12 inch height (30.48 cm) <br> Requires 3 AA batteries (not included) <br> <br> <br> <iframe width=""560"" height=""315"" src=""https://www.youtube.com/embed/92p5GOwCxfY"" frameborder=""0"" allow=""accelerometer; autoplay; encrypted-media; gyroscope; picture-in-picture"" allowfullscreen></iframe><br><br>","<div><ul><li>Animated flappy elephant plush plays peek-a-boo and sings \'\'Do Your Ears Hang Low\'\'&nbsp;<br></li><li>Peek a Boo elephant ears flap during play to delight baby&nbsp;<br></li><li>Made from high-quality, huggable plush material<br></li><li>Surface-washable<br></li><li>Ages 0+<br></li><li>12 inch height (30.48 cm)&nbsp;<br></li><li>Requires 3 AA batteries<br></li></ul></div>",21.0,27.0,USD,27.0,5.99,PUBLISHED,ACTIVE,NOT_AVAILABLE,"STANDARD,EXPEDITED,RUSH","=""0VUD9PLP2WPL""","=""985201595""","=""574090856""","=""00716866579801""","=""716866579801""",https://i5.walmartimages.com/asr/f622ed95-f364-42b4-921a-2a8059cc0893_1.ea8b26bbd0986c46acf379a0767d855d.jpeg,Soft & Plush Toys,"[""Home Page"",""Baby"",""Baby & Toddler Toys"",""Soft & Plush Toys""]",02/02/2019,12/31/2049,02/02/2019,06/10/2020,http://www.walmart.com/ip/Ear-Flappy-Singing-Baby-Elephant-Play-Peek-a-Boo-Animated-Plush-Toy-12-inch/985201595,44,4.2
34478,"=""9006-YYT3-91""","Best Value Heavy Duty Professional Full Size Camera Tripod for Cannon, Nikon, Camcorder, and Smart Phone",Cameras & Lenses,"<b>Heavy Duty Professional Tripod</b><br> - Steady Stand Suitable on All Surfaces<br> - Multiple Level Indicators<br> - 3-way Pan Head<br> - Weight Bearing Hook allows Ballast for Enhanced Steadibility<br> - Crank provides capability for fine adjustment<br> <br> <b>Device Compatibility</b><br> - Compatible with Any Camcorders with Pan Socket<br> - Compatible with All Smart Phones (iPhone, Samsung, iPod, iPad), <b>Phone Clip not Included</b><br> - Compatible with Cannon & Nikon Cameras with <b>All Lenses</b><br> <br> <b>Measurement</b><br> - Max. Working Height: 60""<br> - Min. Working Height: 18.9""<br> - Weight: 2.5lbs<br> - Max. Bearing Weight: 8.8lbs<br>","Best Value Heavy Duty Professional Full Size Camera Tripod for Cannon, Nikon, Camcorder, and Smart Phone",27.5,30.56,USD,30.56,5.99,PUBLISHED,ACTIVE,NOT_AVAILABLE,"STANDARD,EXPEDITED,RUSH","=""3BNUH4T65SUV""","=""223969435""","=""572579105""","=""00680666478018""","=""680666478018""",https://i5.walmartimages.com/asr/fda4975a-8b33-4cd2-95d3-11c3a059eeb8_1.2e1c4339b4d9d4e6b0e37639a8c063f9.jpeg,Phone Tripods,"[""Home Page"",""Cell Phones"",""Cell Phone Accessories"",""Cell Phone Photography Accessories"",""Phone Tripods""]",11/02/2018,12/31/2049,11/02/2018,06/08/2020,http://www.walmart.com/ip/Best-Value-Heavy-Duty-Professional-Full-Size-Camera-Tripod-for-Cannon-Nikon-Camcorder-and-Smart-Phone/223969435,0,
34478,"=""ZK08-CC-Z""",Zebra Graffiti Color Changing UV Blocking Auto-Open Windproof Folding Compact Umbrella for Rain,Clothing,"<b>Blackout UV Proof Layer: </b><br>features Anti-UV Vinyl layer from the inside and Water Repelling lay from the outside<br><b>Heavy Wind proof Inversion-resistant structure:</b><br>10-rib enhanced lightweight aluminum structure holds on heavy wind resistant to inversion<br><b>One Press Auto Open mechanism</b><br><b>Specifications:</b><br>Canopy (open) size: 40"" (102.5cm)<br>Folded length: 13.4"" (34cm)<br>Weight: 0.8 lbs<br>Come with carrying pouch",<ul><li>Blackout UV proof layer</li><li>Heavy wind resistant</li><li>One press auto open</li><li>Come with carrying pouch</li></ul>,12.0,14.3,USD,14.3,5.99,PUBLISHED,ACTIVE,NOT_AVAILABLE,"STANDARD,EXPEDITED,RUSH","=""1P3PWRARLTVD""","=""184919249""","=""568234622""","=""00680666477820""","=""680666477820""",https://i5.walmartimages.com/asr/eaeb5679-e8fa-45f7-a047-7ae14ac9ad5f_1.7b8eb033456c60d9e70e7928d7909dc4.jpeg,Umbrellas,"[""Home Page"",""Clothing"",""Bags & Accessories"",""Luggage & Travel"",""Umbrellas""]",03/29/2018,12/30/2049,03/30/2018,06/11/2020,http://www.walmart.com/ip/Zebra-Graffiti-Color-Changing-UV-Blocking-Auto-Open-Windproof-Folding-Compact-Umbrella-for-Rain/184919249,0,
